Workbook

Sheet MC
B1: dataDate | C1: expiry | D1: expiryMat | E1: vol | F1: strike | G1: marketVol | H1: modelVol | I1: marketPrice | J1: modelPrice | K1: callOrPut | L1: source | M1: vol | N1: strike | O1: marketVol | P1: modelVol | Q1: marketPrice | R1: modelPrice | S1: callOrPut | T1: source
A2: =C2&D2&G2&F2 -> 3Y30.085651.38678 | B2: 45807 | C2: 3Y | D2: 3 | E2: 0.0856 | F2: 1.38678 | G2: 0.08565 | H2: 0.01 | I2: 0.0072870166 | J2: 0 | K2: call | L2: DummyDataSource | M2: =_xlfn.XLOOKUP(A2,Fourrier!A:A,Fourrier!E:E) -> 0.0856 | N2: =_xlfn.XLOOKUP(A2,Fourrier!A:A,Fourrier!F:F) -> 1.38678 | O2: =_xlfn.XLOOKUP(A2,Fourrier!A:A,Fourrier!G:G) -> 0.08565 | P2: =_xlfn.XLOOKUP(A2,Fourrier!A:A,Fourrier!H:H) -> 0.162431 | Q2: =_xlfn.XLOOKUP(A2,Fourrier!A:A,Fourrier!I:I) -> 0.0072870166 | R2: =_xlfn.XLOOKUP(A2,Fourrier!A:A,Fourrier!J:J) -> 0.03856602 | S2: =_xlfn.XLOOKUP(A2,Fourrier!A:A,Fourrier!K:K) -> call | T2: DummyDataSource | U2: =AND(M2=E2,F2=N2,G2=O2) -> TRUE | V2: =10000*(I2-Q2) -> 0 | W2: =10000*(J2-R2) -> -385.6602
A3: =C3&D3&G3&F3 -> 3Y30.097150.938102 | B3: 45807 | C3: 3Y | D3: 3 | E3: 0.0972 | F3: 0.938102 | G3: 0.09715 | H3: 0.103314 | I3: 0.0094460014 | J3: 0.016210754 | K3: put | L3: DummyDataSource | M3: =_xlfn.XLOOKUP(A3,Fourrier!A:A,Fourrier!E:E) -> 0.0972 | N3: =_xlfn.XLOOKUP(A3,Fourrier!A:A,Fourrier!F:F) -> 0.938102 | O3: =_xlfn.XLOOKUP(A3,Fourrier!A:A,Fourrier!G:G) -> 0.09715 | P3: =_xlfn.XLOOKUP(A3,Fourrier!A:A,Fourrier!H:H) -> 0.01 | Q3: =_xlfn.XLOOKUP(A3,Fourrier!A:A,Fourrier!I:I) -> 0.0094460014 | R3: =_xlfn.XLOOKUP(A3,Fourrier!A:A,Fourrier!J:J) -> 1e-08 | S3: =_xlfn.XLOOKUP(A3,Fourrier!A:A,Fourrier!K:K) -> put | T3: DummyDataSource | U3: =AND(M3=E3,F3=N3,G3=O3) -> TRUE | V3: =10000*(I3-Q3) -> 0 | W3: =10000*(J3-R3) -> 162.10744
A4: =C4&D4&G4&F4 -> 3Y30.079151.253781 | B4: 45807 | C4: 3Y | D4: 3 | E4: 0.0791 | F4: 1.253781 | G4: 0.07915 | H4: 0.01 | I4: 0.021224622 | J4: 0 | K4: call | L4: DummyDataSource | M4: =_xlfn.XLOOKUP(A4,Fourrier!A:A,Fourrier!E:E) -> 0.0791 | N4: =_xlfn.XLOOKUP(A4,Fourrier!A:A,Fourrier!F:F) -> 1.253781 | O4: =_xlfn.XLOOKUP(A4,Fourrier!A:A,Fourrier!G:G) -> 0.07915 | P4: =_xlfn.XLOOKUP(A4,Fourrier!A:A,Fourrier!H:H) -> 0.128889 | Q4: =_xlfn.XLOOKUP(A4,Fourrier!A:A,Fourrier!I:I) -> 0.021224622 | R4: =_xlfn.XLOOKUP(A4,Fourrier!A:A,Fourrier!J:J) -> 0.043885177 | S4: =_xlfn.XLOOKUP(A4,Fourrier!A:A,Fourrier!K:K) -> call | T4: DummyDataSource | U4: =AND(M4=E4,F4=N4,G4=O4) -> TRUE | V4: =10000*(I4-Q4) -> 0 | W4: =10000*(J4-R4) -> -438.85177
A5: =C5&D5&G5&F5 -> 3Y30.084851.051899 | B5: 45807 | C5: 3Y | D5: 3 | E5: 0.0849 | F5: 1.051899 | G5: 0.08485 | H5: 0.058824 | I5: 0.026304123 | J5: 0.020178895 | K5: put | L5: DummyDataSource | M5: =_xlfn.XLOOKUP(A5,Fourrier!A:A,Fourrier!E:E) -> 0.0849 | N5: =_xlfn.XLOOKUP(A5,Fourrier!A:A,Fourrier!F:F) -> 1.051899 | O5: =_xlfn.XLOOKUP(A5,Fourrier!A:A,Fourrier!G:G) -> 0.08485 | P5: =_xlfn.XLOOKUP(A5,Fourrier!A:A,Fourrier!H:H) -> 0.027215 | Q5: =_xlfn.XLOOKUP(A5,Fourrier!A:A,Fourrier!I:I) -> 0.026304123 | R5: =_xlfn.XLOOKUP(A5,Fourrier!A:A,Fourrier!J:J) -> 0.0033682853 | S5: =_xlfn.XLOOKUP(A5,Fourrier!A:A,Fourrier!K:K) -> put | T5: DummyDataSource | U5: =AND(M5=E5,F5=N5,G5=O5) -> TRUE | V5: =10000*(I5-Q5) -> 0 | W5: =10000*(J5-R5) -> 168.1061
A6: =C6&D6&G6&F6 -> 3Y30.07841.140376 | B6: 45807 | C6: 3Y | D6: 3 | E6: 0.0784 | F6: 1.140376 | G6: 0.0784 | H6: 0.00509 | I6: 0.055219949 | J6: 0 | K6: call | L6: DummyDataSource | M6: =_xlfn.XLOOKUP(A6,Fourrier!A:A,Fourrier!E:E) -> 0.0784 | N6: =_xlfn.XLOOKUP(A6,Fourrier!A:A,Fourrier!F:F) -> 1.140376 | O6: =_xlfn.XLOOKUP(A6,Fourrier!A:A,Fourrier!G:G) -> 0.0784 | P6: =_xlfn.XLOOKUP(A6,Fourrier!A:A,Fourrier!H:H) -> 0.088424 | Q6: =_xlfn.XLOOKUP(A6,Fourrier!A:A,Fourrier!I:I) -> 0.055219949 | R6: =_xlfn.XLOOKUP(A6,Fourrier!A:A,Fourrier!J:J) -> 0.049299514 | S6: =_xlfn.XLOOKUP(A6,Fourrier!A:A,Fourrier!K:K) -> call | T6: DummyDataSource | U6: =AND(M6=E6,F6=N6,G6=O6) -> TRUE | V6: =10000*(I6-Q6) -> 0 | W6: =10000*(J6-R6) -> -492.99514
A7: =C7&D7&G7&F7 -> 4Y40.08891.458946 | B7: 45807 | C7: 4Y | D7: 4 | E7: 0.0889 | F7: 1.458946 | G7: 0.0889 | H7: 0.400486 | I7: 0.0086747592 | J7: 0.22293818 | K7: call | L7: DummyDataSource | M7: =_xlfn.XLOOKUP(A7,Fourrier!A:A,Fourrier!E:E) -> 0.0889 | N7: =_xlfn.XLOOKUP(A7,Fourrier!A:A,Fourrier!F:F) -> 1.458946 | O7: =_xlfn.XLOOKUP(A7,Fourrier!A:A,Fourrier!G:G) -> 0.0889 | P7: =_xlfn.XLOOKUP(A7,Fourrier!A:A,Fourrier!H:H) -> 0.153698 | Q7: =_xlfn.XLOOKUP(A7,Fourrier!A:A,Fourrier!I:I) -> 0.0086747592 | R7: =_xlfn.XLOOKUP(A7,Fourrier!A:A,Fourrier!J:J) -> 0.0357895 | S7: =_xlfn.XLOOKUP(A7,Fourrier!A:A,Fourrier!K:K) -> call | T7: DummyDataSource | U7: =AND(M7=E7,F7=N7,G7=O7) -> TRUE | V7: =10000*(I7-Q7) -> 0 | W7: =10000*(J7-R7) -> 1871.4868
A8: =C8&D8&G8&F8 -> 4Y40.09930.921907 | B8: 45807 | C8: 4Y | D8: 4 | E8: 0.0993 | F8: 0.921907 | G8: 0.0993 | H8: 0.41618 | I8: 0.01136501 | J8: 0.21864641 | K8: put | L8: DummyDataSource | M8: =_xlfn.XLOOKUP(A8,Fourrier!A:A,Fourrier!E:E) -> 0.0993 | N8: =_xlfn.XLOOKUP(A8,Fourrier!A:A,Fourrier!F:F) -> 0.921907 | O8: =_xlfn.XLOOKUP(A8,Fourrier!A:A,Fourrier!G:G) -> 0.0993 | P8: =_xlfn.XLOOKUP(A8,Fourrier!A:A,Fourrier!H:H) -> 0.01 | Q8: =_xlfn.XLOOKUP(A8,Fourrier!A:A,Fourrier!I:I) -> 0.01136501 | R8: =_xlfn.XLOOKUP(A8,Fourrier!A:A,Fourrier!J:J) -> 1e-08 | S8: =_xlfn.XLOOKUP(A8,Fourrier!A:A,Fourrier!K:K) -> put | T8: DummyDataSource | U8: =AND(M8=E8,F8=N8,G8=O8) -> TRUE | V8: =10000*(I8-Q8) -> 0 | W8: =10000*(J8-R8) -> 2186.464
A9: =C9&D9&G9&F9 -> 4Y40.081651.290404 | B9: 45807 | C9: 4Y | D9: 4 | E9: 0.0817 | F9: 1.290404 | G9: 0.08165 | H9: 0.399862 | I9: 0.02516269 | J9: 0.26092428 | K9: call | L9: DummyDataSource | M9: =_xlfn.XLOOKUP(A9,Fourrier!A:A,Fourrier!E:E) -> 0.0817 | N9: =_xlfn.XLOOKUP(A9,Fourrier!A:A,Fourrier!F:F) -> 1.290404 | O9: =_xlfn.XLOOKUP(A9,Fourrier!A:A,Fourrier!G:G) -> 0.08165 | P9: =_xlfn.XLOOKUP(A9,Fourrier!A:A,Fourrier!H:H) -> 0.120722 | Q9: =_xlfn.XLOOKUP(A9,Fourrier!A:A,Fourrier!I:I) -> 0.02516269 | R9: =_xlfn.XLOOKUP(A9,Fourrier!A:A,Fourrier!J:J) -> 0.041987204 | S9: =_xlfn.XLOOKUP(A9,Fourrier!A:A,Fourrier!K:K) -> call | T9: DummyDataSource | U9: =AND(M9=E9,F9=N9,G9=O9) -> TRUE | V9: =10000*(I9-Q9) -> 0 | W9: =10000*(J9-R9) -> 2189.3708
A10: =C10&D10&G10&F10 -> 4Y40.086751.055212 | B10: 45807 | C10: 4Y | D10: 4 | E10: 0.0867 | F10: 1.055212 | G10: 0.08675 | H10: 0.404243 | I10: 0.031788777 | J10: 0.28353402 | K10: put | L10: DummyDataSource | M10: =_xlfn.XLOOKUP(A10,Fourrier!A:A,Fourrier!E:E) -> 0.0867 | N10: =_xlfn.XLOOKUP(A10,Fourrier!A:A,Fourrier!F:F) -> 1.055212 | O10: =_xlfn.XLOOKUP(A10,Fourrier!A:A,Fourrier!G:G) -> 0.08675 | P10: =_xlfn.XLOOKUP(A10,Fourrier!A:A,Fourrier!H:H) -> 0.026768 | Q10: =_xlfn.XLOOKUP(A10,Fourrier!A:A,Fourrier!I:I) -> 0.031788777 | R10: =_xlfn.XLOOKUP(A10,Fourrier!A:A,Fourrier!J:J) -> 0.0049792111 | S10: =_xlfn.XLOOKUP(A10,Fourrier!A:A,Fourrier!K:K) -> put | T10: DummyDataSource | U10: =AND(M10=E10,F10=N10,G10=O10) -> TRUE | V10: =10000*(I10-Q10) -> 0 | W10: =10000*(J10-R10) -> 2785.5481
A11: =C11&D11&G11&F11 -> 4Y40.08051.153994 | B11: 45807 | C11: 4Y | D11: 4 | E11: 0.0805 | F11: 1.153994 | G11: 0.0805 | H11: 0.401106 | I11: 0.063829124 | J11: 0.29905752 | K11: call | L11: DummyDataSource | M11: =_xlfn.XLOOKUP(A11,Fourrier!A:A,Fourrier!E:E) -> 0.0805 | N11: =_xlfn.XLOOKUP(A11,Fourrier!A:A,Fourrier!F:F) -> 1.153994 | O11: =_xlfn.XLOOKUP(A11,Fourrier!A:A,Fourrier!G:G) -> 0.0805 | P11: =_xlfn.XLOOKUP(A11,Fourrier!A:A,Fourrier!H:H) -> 0.081561 | Q11: =_xlfn.XLOOKUP(A11,Fourrier!A:A,Fourrier!I:I) -> 0.063829124 | R11: =_xlfn.XLOOKUP(A11,Fourrier!A:A,Fourrier!J:J) -> 0.048174388 | S11: =_xlfn.XLOOKUP(A11,Fourrier!A:A,Fourrier!K:K) -> call | T11: DummyDataSource | U11: =AND(M11=E11,F11=N11,G11=O11) -> TRUE | V11: =10000*(I11-Q11) -> 0 | W11: =10000*(J11-R11) -> 2508.8313
A12: =C12&D12&G12&F12 -> 5Y50.09041.522631 | B12: 45807 | C12: 5Y | D12: 5 | E12: 0.0904 | F12: 1.522631 | G12: 0.0904 | H12: 0.528383 | I12: 0.0098189264 | J12: 0.3508056 | K12: call | L12: DummyDataSource | M12: =_xlfn.XLOOKUP(A12,Fourrier!A:A,Fourrier!E:E) -> 0.0904 | N12: =_xlfn.XLOOKUP(A12,Fourrier!A:A,Fourrier!F:F) -> 1.522631 | O12: =_xlfn.XLOOKUP(A12,Fourrier!A:A,Fourrier!G:G) -> 0.0904 | P12: =_xlfn.XLOOKUP(A12,Fourrier!A:A,Fourrier!H:H) -> 0.180083 | Q12: =_xlfn.XLOOKUP(A12,Fourrier!A:A,Fourrier!I:I) -> 0.0098189264 | R12: =_xlfn.XLOOKUP(A12,Fourrier!A:A,Fourrier!J:J) -> 0.056219185 | S12: =_xlfn.XLOOKUP(A12,Fourrier!A:A,Fourrier!K:K) -> call | T12: DummyDataSource | U12: =AND(M12=E12,F12=N12,G12=O12) -> TRUE | V12: =10000*(I12-Q12) -> 0 | W12: =10000*(J12-R12) -> 2945.8642
A13: =C13&D13&G13&F13 -> 5Y50.10060.910865 | B13: 45807 | C13: 5Y | D13: 5 | E13: 0.1006 | F13: 0.910865 | G13: 0.1006 | H13: 0.620676 | I13: 0.013107032 | J13: 0.37236496 | K13: put | L13: DummyDataSource | M13: =_xlfn.XLOOKUP(A13,Fourrier!A:A,Fourrier!E:E) -> 0.1006 | N13: =_xlfn.XLOOKUP(A13,Fourrier!A:A,Fourrier!F:F) -> 0.910865 | O13: =_xlfn.XLOOKUP(A13,Fourrier!A:A,Fourrier!G:G) -> 0.1006 | P13: =_xlfn.XLOOKUP(A13,Fourrier!A:A,Fourrier!H:H) -> 0.01 | Q13: =_xlfn.XLOOKUP(A13,Fourrier!A:A,Fourrier!I:I) -> 0.013107032 | R13: =_xlfn.XLOOKUP(A13,Fourrier!A:A,Fourrier!J:J) -> 1e-08 | S13: =_xlfn.XLOOKUP(A13,Fourrier!A:A,Fourrier!K:K) -> put | T13: DummyDataSource | U13: =AND(M13=E13,F13=N13,G13=O13) -> TRUE | V13: =10000*(I13-Q13) -> 0 | W13: =10000*(J13-R13) -> 3723.6495
... A21: =C21&D21&G21&F21 -> 7Y70.0831.192405 | B21: 45807 | C21: 7Y | D21: 7 | E21: 0.083 | F21: 1.192405 | G21: 0.083 | H21: 0.761925 | I21: 0.080121674 | J21: 0.62449326 | K21: call | L21: DummyDataSource | M21: =_xlfn.XLOOKUP(A21,Fourrier!A:A,Fourrier!E:E) -> 0.083 | N21: =_xlfn.XLOOKUP(A21,Fourrier!A:A,Fourrier!F:F) -> 1.192405 | O21: =_xlfn.XLOOKUP(A21,Fourrier!A:A,Fourrier!G:G) -> 0.083 | P21: =_xlfn.XLOOKUP(A21,Fourrier!A:A,Fourrier!H:H) -> 0.099971 | Q21: =_xlfn.XLOOKUP(A21,Fourrier!A:A,Fourrier!I:I) -> 0.080121674 | R21: =_xlfn.XLOOKUP(A21,Fourrier!A:A,Fourrier!J:J) -> 0.069560713 | S21: =_xlfn.XLOOKUP(A21,Fourrier!A:A,Fourrier!K:K) -> call | T21: DummyDataSource | U21: =AND(M21=E21,F21=N21,G21=O21) -> TRUE | V21: =10000*(I21-Q21) -> 0 | W21: =10000*(J21-R21) -> 5549.3254
A22: =C22&D22&G22&F22 | B22: End printing CurrencyPairDailyData Object | U22: =AND(M22=E22,F22=N22,G22=O22) -> TRUE

Sheet Fourrier
B2: ============== Fx Option data ===============
B3: dataDate | C3: expiry | D3: expiryMat | E3: vol | F3: strike | G3: marketVol | H3: modelVol | I3: marketPrice | J3: modelPrice | K3: callOrPut | L3: source
A4: =C4&D4&G4&F4 -> 3Y30.079151.253781 | B4: 45730 | C4: 3Y | D4: 3 | E4: 0.0791 | F4: 1.253781 | G4: 0.07915 | H4: 0.128889 | I4: 0.021224622 | J4: 0.043885177 | K4: call | L4: DummyDataSource
A5: =C5&D5&G5&F5 -> 3Y30.084851.051899 | B5: 45730 | C5: 3Y | D5: 3 | E5: 0.0849 | F5: 1.051899 | G5: 0.08485 | H5: 0.027215 | I5: 0.026304123 | J5: 0.0033682853 | K5: put | L5: DummyDataSource
A6: =C6&D6&G6&F6 -> 3Y30.085651.38678 | B6: 45730 | C6: 3Y | D6: 3 | E6: 0.0856 | F6: 1.38678 | G6: 0.08565 | H6: 0.162431 | I6: 0.0072870166 | J6: 0.03856602 | K6: call | L6: DummyDataSource
A7: =C7&D7&G7&F7 -> 3Y30.097150.938102 | B7: 45730 | C7: 3Y | D7: 3 | E7: 0.0972 | F7: 0.938102 | G7: 0.09715 | H7: 0.01 | I7: 0.0094460014 | J7: 1e-08 | K7: put | L7: DummyDataSource
A8: =C8&D8&G8&F8 -> 3Y30.07841.140376 | B8: 45730 | C8: 3Y | D8: 3 | E8: 0.0784 | F8: 1.140376 | G8: 0.0784 | H8: 0.088424 | I8: 0.055219949 | J8: 0.049299514 | K8: call | L8: DummyDataSource
A9: =C9&D9&G9&F9 -> 4Y40.081651.290404 | B9: 45730 | C9: 4Y | D9: 4 | E9: 0.0817 | F9: 1.290404 | G9: 0.08165 | H9: 0.120722 | I9: 0.02516269 | J9: 0.041987204 | K9: call | L9: DummyDataSource
A10: =C10&D10&G10&F10 -> 4Y40.086751.055212 | B10: 45730 | C10: 4Y | D10: 4 | E10: 0.0867 | F10: 1.055212 | G10: 0.08675 | H10: 0.026768 | I10: 0.031788777 | J10: 0.0049792111 | K10: put | L10: DummyDataSource
A11: =C11&D11&G11&F11 -> 4Y40.08891.458946 | B11: 45730 | C11: 4Y | D11: 4 | E11: 0.0889 | F11: 1.458946 | G11: 0.0889 | H11: 0.153698 | I11: 0.0086747592 | J11: 0.0357895 | K11: call | L11: DummyDataSource
A12: =C12&D12&G12&F12 -> 4Y40.09930.921907 | B12: 45730 | C12: 4Y | D12: 4 | E12: 0.0993 | F12: 0.921907 | G12: 0.0993 | H12: 0.01 | I12: 0.01136501 | J12: 1e-08 | K12: put | L12: DummyDataSource
A13: =C13&D13&G13&F13 -> 4Y40.08051.153994 | B13: 45730 | C13: 4Y | D13: 4 | E13: 0.0805 | F13: 1.153994 | G13: 0.0805 | H13: 0.081561 | I13: 0.063829124 | J13: 0.048174388 | K13: call | L13: DummyDataSource
A14: =C14&D14&G14&F14 -> 5Y50.082951.322376 | B14: 45730 | C14: 5Y | D14: 5 | E14: 0.0829 | F14: 1.322376 | G14: 0.08295 | H14: 0.146114 | I14: 0.028515368 | J14: 0.064702839 | K14: call | L14: DummyDataSource
A15: =C15&D15&G15&F15 -> 5Y50.088051.061389 | B15: 45730 | C15: 5Y | D15: 5 | E15: 0.088 | F15: 1.061389 | G15: 0.08805 | H15: 0.030707 | I15: 0.03689999 | J15: 0.010209812 | K15: put | L15: DummyDataSource
... A23: =C23&D23&G23&F23 -> 7Y70.0831.192405 | B23: 45730 | C23: 7Y | D23: 7 | E23: 0.083 | F23: 1.192405 | G23: 0.083 | H23: 0.099971 | I23: 0.080121674 | J23: 0.069560713 | K23: call | L23: DummyDataSource
A24: =C24&D24&G24&F24 | B24: End printing CurrencyPairDailyData Object
